customerNumber,api_id,gtmId,searchLocation,searchCoords
83510,2db984fd-b820-446c-b971-4a69475bd48a,["1785053669.1725265909"],Not,
83511,1928f2ae-fcb1-4fd7-8c2d-417c22e0d2a2,["1785053669.1725265909"],Nott,"52.9542206, -1.1427765"
83512,5af9fd1e-daad-4b39-96b8-3aa1d04bc210,["1785053669.1725265909"],No,
83513,3da5c098-08db-4ade-96f4-434f47474005,["1785053669.1725265909"],Notti,52.9540223_-1.1549892
83514,162aded0-c88b-449f-97b5-6621fcc89fd2,failed to get _ga cookie,Yeovi,"50.942061, -2.633308"